{
  "WindowTop": 92.80000000000001,
  "WindowLeft": 1380,
  "UiScale": 1.1,
  "BackgroundOpacity": 0.75,
  "FontSize": 15.868057425824322,
  "ItemSpacing": 3.610389214670596,
  "AvatarSize": 16.679477325134513,
  "EnableNotifications": true,
  "ShowOnlyTalking": false,
  "AlignRight": false
}