{
  "WindowTop": 117.60000000000001,
  "WindowLeft": 1593.6000000000001,
  "UiScale": 0.9,
  "BackgroundOpacity": 0.6000000000000001,
  "FontSize": 15.868057425824322,
  "ItemSpacing": 3.610389214670596,
  "AvatarSize": 16.679477325134513,
  "AvatarDisplayMode": 0,
  "EnableNotifications": true,
  "ShowOnlyTalking": false,
  "Language": "zh-CN"
}